{
    "total_runtime": 3.342952013015747,
    "num_documents": 1,
    "input_load_time": 0,
    "workflows": {
        "create_base_text_units": {
            "overall": 2.701153039932251,
            "0_orderby": 0.01254725456237793,
            "1_zip": 0.013150691986083984,
            "2_aggregate_override": 0.1963825225830078,
            "3_chunk": 1.6940133571624756,
            "4_select": 0.14492011070251465,
            "5_unroll": 0.07338786125183105,
            "6_rename": 0.12142086029052734,
            "7_genid": 0.02458810806274414,
            "8_unzip": 0.018157482147216797,
            "9_copy": 0.015445232391357422,
            "10_filter": 0.378040075302124
        }
    }
}