{
    "total_runtime": 91.87623476982117,
    "num_documents": 1,
    "input_load_time": 0,
    "workflows": {
        "create_base_text_units": {
            "overall": 2.6536712646484375,
            "0_orderby": 0.4908332824707031,
            "1_zip": 0.0694880485534668,
            "2_aggregate_override": 0.2048935890197754,
            "3_chunk": 1.3235993385314941,
            "4_select": 0.010221004486083984,
            "5_unroll": 0.05397367477416992,
            "6_rename": 0.02580571174621582,
            "7_genid": 0.02811717987060547,
            "8_unzip": 0.05445718765258789,
            "9_copy": 0.023951292037963867,
            "10_filter": 0.26433730125427246
        },
        "create_base_extracted_entities": {
            "overall": 8.628961324691772,
            "0_entity_extract": 8.058472394943237,
            "1_merge_graphs": 0.5503964424133301
        },
        "create_final_covariates": {
            "overall": 4.285651206970215,
            "0_extract_covariates": 4.0931010246276855,
            "1_window": 0.01984405517578125,
            "2_genid": 0.03317093849182129,
            "3_convert": 0.056410789489746094,
            "4_rename": 0.031888723373413086,
            "5_select": 0.03430318832397461
        },
        "create_summarized_entities": {
            "overall": 1.2133879661560059,
            "0_summarize_descriptions": 1.185683012008667
        },
        "join_text_units_to_covariate_ids": {
            "overall": 0.09365391731262207,
            "0_select": 0.027693510055541992,
            "1_aggregate_override": 0.045026302337646484
        },
        "create_base_entity_graph": {
            "overall": 0.12165474891662598,
            "0_cluster_graph": 0.07732272148132324,
            "1_select": 0.028716325759887695
        },
        "create_final_entities": {
            "overall": 2.184732437133789,
            "0_unpack_graph": 0.03234124183654785,
            "1_rename": 0.02712273597717285,
            "2_select": 0.03988480567932129,
            "3_dedupe": 0.04189133644104004,
            "4_rename": 0.0335841178894043,
            "5_filter": 0.0795586109161377,
            "6_text_split": 0.048657894134521484,
            "7_drop": 0.04292488098144531,
            "8_merge": 0.08918881416320801,
            "9_text_embed": 1.6135177612304688,
            "10_drop": 0.02910923957824707,
            "11_filter": 0.0873265266418457
        },
        "create_final_nodes": {
            "overall": 4.05774998664856,
            "0_layout_graph": 0.05272316932678223,
            "1_unpack_graph": 0.04492306709289551,
            "2_unpack_graph": 0.038752079010009766,
            "3_filter": 0.07873892784118652,
            "4_drop": 0.06749963760375977,
            "5_select": 0.02875971794128418,
            "6_rename": 0.06791210174560547,
            "7_convert": 1.6704444885253906,
            "8_join": 1.881828784942627,
            "9_rename": 0.09526705741882324
        },
        "create_final_communities": {
            "overall": 11.634341478347778,
            "0_unpack_graph": 1.2127504348754883,
            "1_unpack_graph": 0.760526180267334,
            "2_aggregate_override": 1.8965165615081787,
            "3_join": 0.8661067485809326,
            "4_join": 0.2357957363128662,
            "5_concat": 0.21054315567016602,
            "6_filter": 1.4398024082183838,
            "7_aggregate_override": 0.9826569557189941,
            "8_join": 0.4971015453338623,
            "9_filter": 0.7087645530700684,
            "10_fill": 0.4778261184692383,
            "11_merge": 0.26300501823425293,
            "12_copy": 0.8510146141052246,
            "13_select": 0.851698637008667
        },
        "join_text_units_to_entity_ids": {
            "overall": 2.0730702877044678,
            "0_select": 0.5146751403808594,
            "1_unroll": 0.6289889812469482,
            "2_aggregate_override": 0.8364396095275879
        },
        "create_final_relationships": {
            "overall": 7.620152711868286,
            "0_unpack_graph": 0.681333065032959,
            "1_filter": 0.974879264831543,
            "2_rename": 0.5767612457275391,
            "3_filter": 0.9967045783996582,
            "4_drop": 0.9709162712097168,
            "5_compute_edge_combined_degree": 0.5779883861541748,
            "6_convert": 1.386122465133667,
            "7_convert": 1.328967571258545
        },
        "join_text_units_to_relationship_ids": {
            "overall": 4.679628133773804,
            "0_select": 0.7503397464752197,
            "1_unroll": 0.9332115650177002,
            "2_aggregate_override": 1.1268329620361328,
            "3_select": 1.6752219200134277
        },
        "create_final_community_reports": {
            "overall": 13.563942670822144,
            "0_prepare_community_reports_nodes": 0.6547524929046631,
            "1_prepare_community_reports_edges": 0.9041280746459961,
            "2_prepare_community_reports_claims": 1.0128202438354492,
            "3_restore_community_hierarchy": 0.6683089733123779,
            "4_prepare_community_reports": 1.0628070831298828,
            "5_create_community_reports": 7.964785575866699,
            "6_window": 0.9388847351074219
        },
        "create_final_text_units": {
            "overall": 5.377269983291626,
            "0_select": 0.6361124515533447,
            "1_rename": 0.9268500804901123,
            "2_join": 0.6329612731933594,
            "3_join": 0.5560774803161621,
            "4_join": 1.0643622875213623,
            "5_aggregate_override": 0.700171947479248,
            "6_select": 0.7644190788269043
        },
        "create_base_documents": {
            "overall": 4.348287105560303,
            "0_unroll": 0.09632658958435059,
            "1_select": 1.8615779876708984,
            "2_rename": 0.8253638744354248,
            "3_join": 0.4014761447906494,
            "4_aggregate_override": 0.09379792213439941,
            "5_join": 0.1054072380065918,
            "6_rename": 0.4474639892578125,
            "7_convert": 0.42316365242004395
        },
        "create_final_documents": {
            "overall": 0.16739296913146973,
            "0_rename": 0.09710693359375
        }
    }
}